Sample,Age,AA,SNVs,UV_SNVs,Perc_UV_SNVs,Cohort
TCGA-BF-A1PU,46,V600E,95,73,76.8421,BRAF
TCGA-BF-A1PV,74,Q61L,333,263,78.979,NRAS
TCGA-BF-A1PZ,71,Q61R,270,200,74.0741,NRAS
TCGA-BF-A3DM,63,V600K,570,459,80.5263,BRAF
TCGA-D3-A1Q1,79,G12R,53,11,20.7547,NRAS
TCGA-D3-A1Q4,53,V600E,311,237,76.2058,BRAF
TCGA-D3-A1Q5,60,V600E,419,321,76.611,BRAF
TCGA-D3-A1Q6,55,V600E,965,786,81.4508,BRAF
TCGA-D3-A1Q7,42,V600E,114,90,78.9474,BRAF
TCGA-D3-A1Q8,33,Q61K,280,210,75,NRAS
TCGA-D3-A1Q9,72,V600E,42,8,19.0476,BRAF
TCGA-D3-A1QA,55,V600R,517,402,77.7563,BRAF
TCGA-D3-A1QB,75,Q61L,421,324,76.9596,NRAS
TCGA-D3-A2J7,67,V600E,377,314,83.2891,BRAF
TCGA-D3-A2J8,48,Q61L,739,618,83.6265,NRAS
TCGA-D3-A2JA,68,V600E,398,287,72.1106,BRAF
TCGA-D3-A2JD,58,V600E,455,375,82.4176,BRAF
TCGA-D3-A2JG,30,V600E,124,93,75,BRAF
TCGA-D3-A2JK,24,V600E,323,253,78.3282,BRAF
TCGA-D3-A2JL,43,G12R,356,277,77.809,NRAS
TCGA-D3-A2JN,46,V600E,358,267,74.581,BRAF
TCGA-D3-A2JO,50,Q61K,718,521,72.5627,NRAS
TCGA-D3-A2JP,37,V600E,298,253,84.8993,BRAF
TCGA-D3-A3C1,27,V600E,165,111,67.2727,BRAF
TCGA-D3-A3C3,30,V600E,304,209,68.75,BRAF
TCGA-D3-A3C6,54,V600E,122,91,74.5902,BRAF
TCGA-D3-A3C7,57,V600E,1059,822,77.6204,BRAF
TCGA-D3-A3CB,39,V600E,302,246,81.457,BRAF
TCGA-D3-A3CE,74,V600E,43,14,32.5581,BRAF
TCGA-D3-A3ML,70,Q61L,1060,857,80.8491,NRAS
TCGA-D3-A3MO,47,V600E,80,40,50,BRAF
TCGA-D3-A3MR,42,V600E,995,790,79.397,BRAF
TCGA-D3-A3MU,53,V600E,557,424,76.1221,BRAF
TCGA-D3-A3MV,38,Q61R,620,510,82.2581,NRAS
TCGA-D3-A51E,39,Q61R,320,227,70.9375,NRAS
TCGA-D3-A51F,51,V600E,138,99,71.7391,BRAF
TCGA-D3-A51G,34,Q61K,1415,1123,79.364,NRAS
TCGA-D3-A51J,19,V600E,518,413,79.7297,BRAF
TCGA-D3-A51N,56,V600E,122,68,55.7377,BRAF
TCGA-D3-A51R,60,Q61R,830,680,81.9277,NRAS
TCGA-D3-A5GN,15,V600E,574,468,81.5331,BRAF
TCGA-D3-A5GO,61,Q61R,1862,1544,82.9216,NRAS
TCGA-D3-A5GR,23,V600E,311,220,70.7395,BRAF
TCGA-D3-A5GS,58,V600E,457,396,86.6521,BRAF
TCGA-D3-A5GT,43,V600E,34,7,20.5882,BRAF
TCGA-D3-A5GU,36,V600E,783,594,75.8621,BRAF
TCGA-D9-A148,40,V600E,320,232,72.5,BRAF
TCGA-D9-A1JX,80,V600E,218,146,66.9725,BRAF
TCGA-D9-A3Z1,66,Q61R,578,464,80.2768,NRAS
TCGA-D9-A3Z3,39,V600E,152,109,71.7105,BRAF
TCGA-D9-A3Z4,54,Q61R,182,124,68.1319,NRAS
TCGA-D9-A4Z2,50,V600E,25,6,24,BRAF
TCGA-D9-A4Z3,73,Q61R,842,605,71.8527,NRAS
TCGA-D9-A6E9,75,V600E,215,138,64.186,BRAF
TCGA-D9-A6EA,70,Q61R,767,594,77.4446,NRAS
TCGA-DA-A1HV,75,Q61K,1575,1300,82.5397,NRAS
TCGA-DA-A1HW,37,V600E,375,296,78.9333,BRAF
TCGA-DA-A1HY,42,V600E,838,655,78.1623,BRAF
TCGA-DA-A1I0,63,V600K,583,457,78.3877,BRAF
TCGA-DA-A1I1,55,Q61L,439,348,79.2711,NRAS
TCGA-DA-A1I2,45,V600E,146,99,67.8082,BRAF
TCGA-DA-A1I4,51,V600E,276,214,77.5362,BRAF
TCGA-DA-A1I5,27,V600E,507,396,78.1065,BRAF
TCGA-DA-A1I7,62,V600E,534,423,79.2135,BRAF
TCGA-DA-A1I8,63,V600E,213,148,69.4836,BRAF
TCGA-DA-A3F3,52,Q61R,337,249,73.8872,NRAS
TCGA-DA-A3F5,45,V600E,400,272,68,BRAF
TCGA-DA-A3F8,39,V600K,1371,1170,85.3392,BRAF
TCGA-EB-A1NK,48,Q61R,160,120,75,NRAS
TCGA-EB-A24C,56,V600E,30,10,33.3333,BRAF
TCGA-EB-A299,63,V600E,181,144,79.558,BRAF
TCGA-EB-A3HV,37,V600E,52,35,67.3077,BRAF
TCGA-EB-A3XB,63,V600K,578,441,76.2976,BRAF
TCGA-EB-A3XC,74,V600R,469,337,71.855,BRAF
TCGA-EB-A3XD,53,V600E,446,376,84.3049,BRAF
TCGA-EB-A3XE,77,V600E,19,8,42.1053,BRAF
TCGA-EB-A3Y6,56,V600E,673,509,75.6315,BRAF
TCGA-EB-A42Z,49,V600E,129,87,67.4419,BRAF
TCGA-EB-A430,83,V600E,451,340,75.388,BRAF
TCGA-EB-A431,34,V600E,1972,1641,83.215,BRAF
TCGA-EB-A44N,59,V600E,191,147,76.9634,BRAF
TCGA-EB-A44O,69,Q61K,559,429,76.7442,NRAS
TCGA-EB-A44P,58,V600E,382,288,75.3927,BRAF
TCGA-EB-A44Q,51,Q61L,58,15,25.8621,NRAS
TCGA-EB-A44R,52,G13D,65,11,16.9231,NRAS
TCGA-EB-A4IS,77,V600E,628,470,74.8408,BRAF
TCGA-EB-A4OZ,41,V600E,15,2,13.3333,BRAF
TCGA-EB-A4P0,82,V600E,224,150,66.9643,BRAF
TCGA-EB-A551,78,Q61K,403,300,74.4417,NRAS
TCGA-EB-A553,62,V600E,367,218,59.4005,BRAF
TCGA-EB-A5SE,73,V600E,333,261,78.3784,BRAF
TCGA-EB-A5SG,57,Q61R,342,256,74.8538,NRAS
TCGA-EB-A5UL,71,Q61K,549,383,69.7632,NRAS
TCGA-EB-A5UN,49,V600E,822,617,75.0608,BRAF
TCGA-EE-A17X,54,Q61K,923,741,80.2817,NRAS
TCGA-EE-A17Y,69,V600E,193,131,67.8756,BRAF
TCGA-EE-A183,48,V600K,870,693,79.6552,BRAF
TCGA-EE-A184,72,Q61H,367,43,11.7166,NRAS
TCGA-EE-A185,55,Q61K,222,173,77.9279,NRAS
TCGA-EE-A20B,66,V600E,206,146,70.8738,BRAF
TCGA-EE-A20C,59,Q61R,2259,1719,76.0956,NRAS
TCGA-EE-A20F,53,V600E,562,451,80.2491,BRAF
TCGA-EE-A20H,56,V600K,700,497,71,BRAF
TCGA-EE-A29A,68,V600E,271,216,79.7048,BRAF
TCGA-EE-A29C,20,V600E,462,367,79.4372,BRAF
TCGA-EE-A29E,54,V600K,4129,3509,84.9843,BRAF
TCGA-EE-A29G,53,Q61K,463,336,72.5702,NRAS
TCGA-EE-A29H,59,V600E,361,280,77.5623,BRAF
TCGA-EE-A29L,78,Q61L,2305,1866,80.9544,NRAS
TCGA-EE-A29M,33,V600E,2682,2249,83.8553,BRAF
TCGA-EE-A29P,73,V600E,346,271,78.3237,BRAF
TCGA-EE-A29Q,70,Q61L,337,248,73.5905,NRAS
TCGA-EE-A29R,48,Q61R,801,637,79.5256,NRAS
TCGA-EE-A29S,79,Q61L,1220,967,79.2623,NRAS
TCGA-EE-A29V,85,G12A,1130,860,76.1062,NRAS
TCGA-EE-A29W,42,V600E,88,62,70.4545,BRAF
TCGA-EE-A29X,58,Q61R,171,130,76.0234,NRAS
TCGA-EE-A2A1,46,Q61R,454,363,79.9559,NRAS
TCGA-EE-A2A2,71,Q61L,1641,1252,76.2949,NRAS
TCGA-EE-A2A5,43,Q61R,356,283,79.4944,NRAS
TCGA-EE-A2A6,43,V600E,347,278,80.1153,BRAF
TCGA-EE-A2GB,51,V600K,751,597,79.494,BRAF
TCGA-EE-A2GD,58,Q61K,640,501,78.2813,NRAS
TCGA-EE-A2GE,44,V600E,254,201,79.1339,BRAF
TCGA-EE-A2GH,34,V600E,354,284,80.226,BRAF
TCGA-EE-A2GJ,83,G12D,1339,1027,76.699,NRAS
TCGA-EE-A2GL,40,Q61K,401,307,76.5586,NRAS
TCGA-EE-A2GM,70,Q61R,792,634,80.0505,NRAS
TCGA-EE-A2GN,67,Q61K,447,340,76.0626,NRAS
TCGA-EE-A2GP,80,Q61R,720,591,82.0833,NRAS
TCGA-EE-A2GS,28,V600E,390,306,78.4615,BRAF
TCGA-EE-A2GT,77,V600K,380,289,76.0526,BRAF
TCGA-EE-A2GU,65,Q61K,702,567,80.7692,NRAS
TCGA-EE-A2M5,49,V600E,2249,1769,78.6572,BRAF
TCGA-EE-A2M6,61,V600E,629,478,75.9936,BRAF
TCGA-EE-A2M7,66,V600E,78,37,47.4359,BRAF
TCGA-EE-A2M8,54,V600E,139,107,76.9784,BRAF
TCGA-EE-A2MC,73,Q61R,881,685,77.7526,NRAS
TCGA-EE-A2MD,52,Q61R,1940,1617,83.3505,NRAS
TCGA-EE-A2ME,51,V600K,56,45,80.3571,BRAF
TCGA-EE-A2MG,23,V600E,250,195,78,BRAF
TCGA-EE-A2MH,66,V600E,173,123,71.0983,BRAF
TCGA-EE-A2MK,18,V600E,347,259,74.6398,BRAF
TCGA-EE-A2ML,35,Q61R,636,500,78.6164,NRAS
TCGA-EE-A2MM,63,Q61H,641,529,82.5273,NRAS
TCGA-EE-A2MN,58,Q61K,181,134,74.0331,NRAS
TCGA-EE-A2MP,34,V600E,293,217,74.0614,BRAF
TCGA-EE-A2MU,71,Q61H,775,626,80.7742,NRAS
TCGA-EE-A3AB,30,V600E,759,322,42.4242,BRAF
TCGA-EE-A3AC,47,Q61K,1138,899,78.9982,NRAS
TCGA-EE-A3AD,50,V600E,506,396,78.2609,BRAF
TCGA-EE-A3AF,48,V600E,1016,778,76.5748,BRAF
TCGA-EE-A3AG,25,V600E,1945,1572,80.8226,BRAF
TCGA-EE-A3AH,30,V600E,423,349,82.5059,BRAF
TCGA-EE-A3J3,42,V600E,210,138,65.7143,BRAF
TCGA-EE-A3J4,72,V600E,361,236,65.374,BRAF
TCGA-EE-A3J7,43,Q61R,1138,834,73.2865,NRAS
TCGA-EE-A3J8,59,Q61R,318,243,76.4151,NRAS
TCGA-EE-A3JA,44,Q61R,1180,1016,86.1017,NRAS
TCGA-EE-A3JE,75,V600E,287,202,70.3833,BRAF
TCGA-EE-A3JI,48,Q61K,1211,889,73.4104,NRAS
TCGA-ER-A193,62,V600R,2198,1737,79.0264,BRAF
TCGA-ER-A195,46,Q61K,294,243,82.6531,NRAS
TCGA-ER-A198,45,V600E,522,409,78.3525,BRAF
TCGA-ER-A199,86,Q61R,329,247,75.076,NRAS
TCGA-ER-A19B,42,V600E,133,44,33.0827,BRAF
TCGA-ER-A19C,77,V600E,119,88,73.9496,BRAF
TCGA-ER-A19D,46,Q61K,533,408,76.5478,NRAS
TCGA-ER-A19E,36,V600E,504,338,67.0635,BRAF
TCGA-ER-A19G,48,V600E,590,447,75.7627,BRAF
TCGA-ER-A19H,40,V600E,307,234,76.2215,BRAF
TCGA-ER-A19J,54,V600K,262,198,75.5725,BRAF
TCGA-ER-A19K,79,V600K,422,336,79.6209,BRAF
TCGA-ER-A19M,36,V600E,566,454,80.212,BRAF
TCGA-ER-A19N,47,Q61H,537,438,81.5642,NRAS
TCGA-ER-A19O,56,V600E,201,155,77.1144,BRAF
TCGA-ER-A19Q,37,V600E,133,105,78.9474,BRAF
TCGA-ER-A19S,81,V600E,257,174,67.7043,BRAF
TCGA-ER-A19W,48,Q61K,399,286,71.6792,NRAS
TCGA-ER-A2ND,57,V600E,131,60,45.8015,BRAF
TCGA-ER-A2NE,39,Q61K,165,108,65.4545,NRAS
TCGA-ER-A2NG,43,V600E,288,189,65.625,BRAF
TCGA-ER-A2NH,49,Q61R,363,291,80.1653,NRAS
TCGA-ER-A3PL,30,V600E,422,360,85.3081,BRAF
TCGA-FR-A3YN,44,Q61R,680,525,77.2059,NRAS
TCGA-FR-A3YO,56,V600E,996,821,82.4297,BRAF
TCGA-FR-A44A,29,V600E,336,249,74.1071,BRAF
TCGA-FR-A69P,34,Q61R,261,204,78.1609,NRAS
TCGA-FS-A1YW,52,Q61K,192,142,73.9583,NRAS
TCGA-FS-A1YX,39,V600E,25,9,36,BRAF
TCGA-FS-A1YY,55,V600E,247,195,78.9474,BRAF
TCGA-FS-A1Z0,32,Q61R,293,214,73.0375,NRAS
TCGA-FS-A1Z3,72,Q61H,1187,952,80.2022,NRAS
TCGA-FS-A1Z7,19,V600E,215,166,77.2093,BRAF
TCGA-FS-A1ZB,57,Q61R,274,223,81.3869,NRAS
TCGA-FS-A1ZC,51,V600K,827,657,79.4438,BRAF
TCGA-FS-A1ZD,63,V600E,284,197,69.3662,BRAF
TCGA-FS-A1ZE,40,Q61K,178,118,66.2921,NRAS
TCGA-FS-A1ZF,78,V600E,230,153,66.5217,BRAF
TCGA-FS-A1ZH,71,V600E,41,20,48.7805,BRAF
TCGA-FS-A1ZM,74,V600E,274,199,72.6277,BRAF
TCGA-FS-A1ZN,43,V600E,119,91,76.4706,BRAF
TCGA-FS-A1ZP,52,Q61L,503,404,80.3181,NRAS
TCGA-FS-A1ZQ,31,Q61R,581,475,81.7556,NRAS
TCGA-FS-A1ZR,36,V600E,164,125,76.2195,BRAF
TCGA-FS-A1ZS,54,V600E,317,226,71.2934,BRAF
TCGA-FS-A1ZT,55,Q61R,212,154,72.6415,NRAS
TCGA-FS-A1ZW,65,Q61K,749,600,80.1068,NRAS
TCGA-FS-A1ZY,71,Q61R,38,17,44.7368,NRAS
TCGA-FS-A4F5,77,Q61R,884,717,81.1086,NRAS
TCGA-FS-A4F8,52,V600E,210,149,70.9524,BRAF
TCGA-FS-A4F9,80,Q61K,502,396,78.8845,NRAS
TCGA-FS-A4FB,46,V600E,210,157,74.7619,BRAF
TCGA-FS-A4FC,75,G13R,842,688,81.7102,NRAS
TCGA-FS-A4FD,39,Q61R,525,427,81.3333,NRAS
TCGA-FW-A3TV,57,V600E,391,302,77.2379,BRAF
TCGA-FW-A5DX,71,V600E,196,138,70.4082,BRAF
TCGA-FW-A5DY,48,V600E,257,208,80.9339,BRAF
TCGA-GF-A2C7,48,V600E,81,61,75.3086,BRAF
TCGA-GF-A3OT,58,Q61K,622,490,78.7781,NRAS
TCGA-GF-A4EO,74,V600E,293,227,77.4744,BRAF
TCGA-GF-A6C8,62,V600E,427,323,75.644,BRAF
TCGA-GN-A262,47,V600E,381,297,77.9528,BRAF
TCGA-GN-A263,24,V600E,493,411,83.3671,BRAF
TCGA-GN-A265,53,V600E,288,203,70.4861,BRAF
TCGA-GN-A267,38,Q61K,434,337,77.6498,NRAS
TCGA-GN-A268,83,Q61K,392,292,74.4898,NRAS
TCGA-IH-A3EA,61,V600K,1732,1416,81.7552,BRAF
TCGA-QB-A6FS,49,V600K,1338,1159,86.6218,BRAF
